Original,English,Vietnamese,Type
李野,Li Ye,Lý Dã,name
杨峰,Yang Feng,Dương Phong,name
于飞,Yu Fei,Vu Phi,name
范杰,Fan Jie,Phạm Kiệt,name
刘广胜,Liu Guangsheng,Lưu Quảng Thắng,name
史翔,Shi Xiang,Sử Tường,name
谢越,Xie Yue,Tạ Việt,name
邓威,Deng Wei,Đặng Uy,name
慕容开信,Murong Kaixin,Mộ Dung Khai Tín,name
符文博,Fu Wenbo,Phù Văn Bác,name
余海,Yu Hai,Dư Hải,name
怀义,Huai Yi,Hoài Nghĩa,name
夏国,Xia State,Hạ Quốc,location
楚国,Chu State,Sở Quốc,location
花果坞,Huaguowu,Thung lũng Hoa Quả,location
鹤峰山,Hefeng Mountain,Hạc Phong Sơn,location
苍松岭,Cangsong Ridge,Thương Tùng Lĩnh,location
捉妖办,Monster Catching Office,Văn Phòng Trừ Yêu,organization
赤炎教,Crimson Flame Sect,Xích Viêm Giáo,organization
天道盟,Heavenly Dao Alliance,Thiên Đạo Minh,organization
银河联邦,Galactic Federation,Liên Bang Ngân Hà,organization
雪松派,Snow Pine Sect,Tuyết Tùng Phái,organization
时空行者,Time-space Walker,Thời Không Hành Giả,term
妖物,Monster Remains,Yêu Vật,term
捉妖人,Monster Catcher,Tróc Yêu Nhân,term
龙皇诀,Dragon Emperor Formula,Long Hoàng Quyết,term
及时雨,Timely Rain,Cập Thời Vũ,term
第三宇宙速度,Third Cosmic Velocity,Vận tốc vũ trụ cấp 3,term
空间跳跃,Space Jump,Bước nhảy không gian,term
黄金,Gold,Hoàng Kim,currency
钱云飞,,Tiền Vân Phi,name
徐鹏,,Từ Bằng,name
蔡俊,,Thái Tuấn,name
余强,,Dư Cường,name
老胡,,Lão Hồ,name
乐子人俱乐部,Fun-seekers Club,Câu Lạc Bộ Lạc Tử Nhân,organization
大宗师,Grandmaster,Đại Tông Sư,term
先天,Xiantian,Tiên Thiên,term
七迭劲,,Thất Điệp Kình,term
内力,Internal Power,Nội Lực,term
灵力,Spiritual Power,Linh Lực,term
星盗,Star Pirate,Tinh Đạo,term
衍生技,Derivative Skill,Diễn Sinh Kỹ,term
百炼刀,,Bách Luyện Đao,term
4—3—3阵形,4-3-3 Formation,4-3-3 Trận Hình,other
朱高杰,Zhu Gaojie,Chu Cao Kiệt,name
袁玲,Yuan Ling,Viên Linh,name
江生,Jiang Sheng,Giang Sinh,name
公孙杰,Gongsun Jie,Công Tôn Kiệt,name
曹斌,Cao Bin,Tào Bân,name
温子谦,Wen Ziqian,Ôn Tử Khiêm,name
贺子凡,He Zifan,Hạ Tử Phàm,name
飞升俱乐部,Ascension Club,Câu Lạc Bộ Phi Thăng,organization
飞熊帮,Flying Bear Gang,Phi Hùng Bang,organization
玄光宗,Xuanguang Sect,Huyền Quang Tông,organization
巡察司,Inspection Bureau,Tuần Sát Ty,organization
灯仙教,Lantern Immortal Cult,Đăng Tiên Giáo,organization
威宁城,Weining City,Uy Ninh Thành,location
威宁府,Weining Prefecture,Uy Ninh Phủ,location
天狼谷,Heavenly Wolf Valley,Thiên Lang Cốc,location
红楼坞,Honglou Dock,Hồng Lâu Ổ,location
镇妖塔,Demon Suppression Tower,Trấn Yêu Tháp,location
玄光心法,Xuanguang Mental Method,Huyền Quang Tâm Pháp,term
灯神功,Lantern Divine Art,Đăng Thần Công,term
妖气,Demonic Qi,Yêu Khí,term
先天高手,Xiantian Expert,Tiên Thiên Cao Thủ,term
绝代天骄,,Tuyệt Đại Thiên Kiêu,other
戳肛手,,Xúc Cương Thủ,other
铁脚仙,Iron Foot Immortal,Thiết Cước Tiên,other
队徽,Team Badge,Đội Huy,name
飞毛腿,Fleetfoot,Phi Mao Thủ,term
玄铁盾,Black Iron Shield,Huyền Thiết Thuẫn,term
佟易,Tong Yi,Đồng Dịch,name
丁宏,Ding Hong,Đinh Hoành,name
王正晖,Wang Zhenghui,Vương Chính Huy,name
如意楼,Ruyi Tower,Như Ý Lâu,location
沐光阁,Bathed in Light Pavilion,Mộc Quang Các,location
青城派,Qingcheng Sect,Thanh Thành Phái,organization
钟文昊,Zhong Wenhao,Chung Văn Hạo,name
朱芷柔,Zhu Zhirou,Chu Chỉ Nhu,name
太玉真人,Perfected Taiyu,Thái Ngọc Chân Nhân,name
纹银,Silver Tael,Văn Ngân,currency
文,Cash,Văn,currency
缥缈仙子,Ethereal Fairy,Phiêu Miểu Tiên Tử,name
银河联邦星球杯冠军联赛,Galactic Federation Planet Cup Champions League,Giải vô địch Cúp Hành tinh Liên đoàn Thiên hà,other
老张,,Lão Trương,name
打狗棒,Dog Beating Staff,Đả Cẩu Bổng,term
星际大盗,Interstellar Bandit,Tinh Tế Đại Đạo,term
星际掠夺者,Interstellar Predator,Tinh Tế Lược Đoạt Giả,term
四大宗师,Four Great Grandmasters,Tứ Đại Tông Sư,term
第一宇宙速度,First Cosmic Velocity,Vận tốc vũ trụ cấp 1,term
第二宇宙速度,Second Cosmic Velocity,Vận tốc vũ trụ cấp 2,term
环绕速度,Orbital Velocity,Vận tốc quỹ đạo,term
脱离速度,Escape Velocity,Vận tốc thoát ly Trái Đất,term
逃逸速度,Escape Velocity,Vận tốc thoát ly,term
引力,Gravity,Trọng lực,term
缩地成寸,,Súc Địa Thành Thốn,term
一级文明,Level 1 Civilization,Văn Minh Cấp Một,term
四级文明,Level 4 Civilization,Văn Minh Cấp Hai,term
西域,,Tây Vực,location
中原,,Trung Nguyên,location
后天高手,,Hậu Thiên Cao Thủ,term
楚国天师,,Sở Quốc Thiên Sư,other
西域国师,,Tây Vực Quốc Sư,other
青龙堂,,Thanh Long Đường,organization
堂主,Hall Master,Đường Chủ,term
法力,mana,Pháp lực,term
魔力,magic power,Ma lực,term
佛力,buddha power,Phật lực,term
大护法,Great Guardian,Đại hộ pháp,term
乐子人球队,Fun-person team,Lạc Tử Nhân cầu đội,organization
三迭,three folds,Tam điệp,term
四迭,four folds,Tứ điệp,term
五迭,five folds,Ngũ điệp,term
香火,incense,Hương hỏa,term
临空抽射,volley shot,Sút vô-lê,term
贴身盯防,man-to-man marking,Kèm người,term
滑铲,sliding tackle,Hoạt sản,term
二段踢,two-stage kick,Nhị đoạn khiêu,term
国足,national football team,Đội tuyển quốc gia,term
盟主,Alliance Leader,Minh chủ,term
前锋,Striker,Tiền đạo,term
高等文明,Advanced civilization,Văn minh bậc cao,term
丹田,Dantian,Đan điền,term
经脉,Meridians,Kinh mạch,term
剑气,Sword qi,Kiếm khí,term
乐子人俱乐部二队,Leziren Club Second Team,Đội 2 – CLB Lạc Tử Nhân,organization
联赛,League,Giải đấu,term
信仰之力,Power of belief,Sức mạnh niềm tin,term
断腿狂魔,Leg-breaking Demon,Đoạn Thối Cuồng Ma,name
迎面魔,Face-striking Demon,Nghênh Diện Ma,name
三宗五派,Three Sects and Five Schools,Tam Tông Ngũ Phái,organization
养神法,Spirit nourishing method,Dưỡng thần pháp,term
灵智,Sentience,Linh trí,term
地球,Earth,Địa cầu,location
大楚国,Great Chu State,Đại Sở Quốc,location
握手礼,Handshake rite,Nghi thức bắt tay,term
首发,Starting lineup,Thủ phát,term
徽哥,,Huy ca,name
捉妖人使用守则,Demon Catcher Code of Conduct,Quy tắc dành cho Tróc Yêu Nhân,term
宣传部经理,Publicity Department Manager,Trưởng Ban Tuyên Truyền,term
后勤部经理,Logistics Department Manager,Trưởng Ban Hậu Cần,term
安保队长,Security Captain,Đội Trưởng An Ninh,term
442阵型,4-4-2 formation,Đội hình 4-4-2,term
绝代双骄,Peerless Double Prides,Tuyệt Đại Song Kiêu,term
祥云茶庄,,Tường Vân Trà Trang,organization
洪福酒楼,,Hồng Phúc Tửu Lâu,organization
凤鸣轩,,Phượng Minh Hiên,organization
夜魔侠,Daredevil,Daredevil,name
大长老,Great Elder,Đại Trưởng Lão,term
魏明泽,,Ngụy Minh Trạch,name
博翰,,Bác Hàn,name
致远,,Trí Viễn,name
主簿,,Chủ Bạ,term
参军,,Tham Quân,term
知府,,Tri Phủ,term
阴谋论,conspiracy theory,Thuyết âm mưu,term
智囊团,think tank,Đội ngũ cố vấn,organization
足球彩,football lottery,Cá Cược Bóng Đá,term
手球,handball,Chạm tay,term
天惊拳,,Thiên Kinh Quyền,term
神龙摆尾,,Thần Long Bãi Vĩ,term
山竹青,,Sơn Trúc Thanh,other
玄光宗俱乐部,Xuanguangzong Club,Câu Lạc Bộ Huyền Quang Tông,organization
星球杯,Planet Cup,Cúp Hành Tinh,other
啦啦队,cheerleading squad,Đội Cổ Vũ,organization
入局,,Nhập Cục,term
足球手册,football manual,Cẩm Nang Bóng Đá,term
青城俱乐部,Qingcheng Club,Câu Lạc Bộ Thanh Thành,organization
苍松派,Cangsong Sect,Thương Tùng Phái,organization
戒律堂,Discipline Hall,Giới Luật Đường,organization
镇江,Zhenjiang,Trấn Giang,location
抚安,Fu'an,Phủ An,location
项郢,Xiang Ying,Hạng Dĩnh,name
史文博,Shi Wenbo,Sử Văn Bác,name
孔凡,Kong Fan,Khổng Phàm,name
闻人川,Wenren Chuan,Văn Nhân Xuyên,name
申屠虹,Shentu Hong,Thân Đồ Hồng,name
徐川,Xu Chuan,Từ Xuyên,name
万鹏,Wan Peng,Vạn Bằng,name
神龙手,Divine Dragon Hand,Thần Long Thủ,name
慈善足彩,Charity Football Lottery,Dự đoán Bóng đá gây Quỹ Từ thiện,term
足彩,Football Lottery,Cá Cược Bóng Đá,term
甲级联赛,A-League,Giải Hạng Nhất,term
乙级联赛,B-League,Giải Hạng Nhì,term
缠丝手,,Triền Ty Thủ,term
旋风劲,,Toàn Phong Kình,term
如影随形双探手,,Như Ảnh Tùy Hình Song Thám Thủ,term
贴地飞铲,Sliding Tackle,Thiết Địa Phi Sản,term
神之一手,God's Move,Thần Chi Nhất Thủ,term
三门五派,,Tam Môn Ngũ Phái,term
丞相,Chancellor,Thừa tướng,term
徽章,Badge,Huy chương,term
何璋,,Hà Chương,name
赵离,,Triệu Ly,name
沐晨,,Mộc Thần,name
传功堂,Manual Transmission Hall,Truyền Công Đường,organization
魔教,Demonic Cult,Ma giáo,organization
三长老,Third Elder,Tam Trưởng lão,term
左护法,Left Protector,Tả Hộ pháp,term
指挥使,Commander,Chỉ huy sứ,term
痛击我的队友,Beat My Teammates,Bóp team,term
圆桶阵,Bucket Formation,Chiến thuật xe buýt hai tầng,term
护体神功,Body Protection Divine Skill,Hộ Thể Thần Công,term
截脉手,Pulse-Intercepting Hand,Tiệt Mạch Thủ,term
生死符,Life and Death Talisman,Sinh Tử Phù,term
北冥神功,Northern Dark Divine Art,Bắc Minh Thần Công,term
嫁衣神功,Wedding Gown Divine Art,Giá Y Thần Công,term
冯阳,,Phùng Dương,name
足球报,Football News,Báo Bóng Đá,organization
粉丝见面会,Fan Meeting,Fan meeting,term
青训班,Youth Academy,Lò đào tạo trẻ,term
项厉,,Hạng Lệ,name
仙胎魔种,Immortal Fetus and Demonic Seed,Tiên Thai Ma Chủng,term
吞星手,Star-Swallowing Hand,Thôn Tinh Thủ,term
噬魂,Soul Devourer,Phệ Hồn,term
哈迪斯,Hades,Hades,name
死亡之镰,Death Scythe,Lưỡi Hái Tử Thần,term
荆州之乱,Jingzhou Rebellion,Kinh Châu chi loạn,other
时空乱流,Spacetime Turbulence,Thời Không Loạn Lưu,term
神龙教,Divine Dragon Sect,Thần Long Giáo,organization
玄冥海,Xuanming Sea,Huyền Minh Hải,location
联邦警察,Federal Police,Liên Bang Cảnh Sát,organization
龙肝凤胆,Dragon Liver and Phoenix Gallbladder,Long Can Phượng Đảm,term
天庭,Heavenly Court,Thiên Đình,location
独侠,Lone hero,Độc hiệp,term
剑芒,Sword aura,Kiếm mang,term
龙吟声,Dragon's roar,Long ngâm,term
撩阴腿,Groin kick,Liêu âm cước,term
金银,Gold and silver,Kim ngân,currency
灯仙,Lantern Immortal,Đăng Tiên,other
大妖,Great demon,Đại yêu,term
熊帮主,Gang Leader Xiong,Hùng bang chủ,name
刘千户,Chiliarch Liu,Lưu thiên hộ,name
赵千户,Chiliarch Zhao,Triệu thiên hộ,name
黑熊,black bear,gấu đen,other
锦鲤,koi fish,cá chép,other
五迭劲,,Ngũ Điệp Kính,term
客场赛,away match,Trận sân khách,term
左前锋,left forward,Tiền đạo cánh trái,term
主队,home team,Đội chủ nhà,term
主场作战,home match battle,Chủ Trường Tác Chiến,term
老石,,Lão Thạch,name
绸缎庄,silk shop,Tiệm tơ lụa,term
首发阵容,starting lineup,Đội hình xuất phát,term
左右前锋,left and right forwards,Tiền đạo hai cánh,term
大勇,,Đại Dũng,name
李爷,,Lý gia,name
检票,ticket checking,Kiểm Phiếu,term
助拳,,Trợ Quyền,term
竖幅,vertical banner,Liễn đứng,term
秘籍,Secret manual,Bí tịch,term
人头,Human head,Đầu người,term
俘虏,Captive,Tù binh,term
悟性,Comprehension,Ngộ tính,term
竞争机制,Competition mechanism,Cơ chế cạnh tranh,term
分散投资,Diversified investment,Phân tán đầu tư,term
宗师,Grandmaster,Tông sư,term
BUFF,Buff,Buff,term
明星球员,Star player,Cầu thủ ngôi sao,term
大隐隐于市,The greatest hermit hides in the city,Đại ẩn ẩn vu thị,term
足球俱乐部队徽,Football club crest/emblem,Huy hiệu câu lạc bộ bóng đá,term
荣耀,Glory,Vinh quang,term
名誉,Honor,Danh dự,term
分江断山能力,"River-splitting, mountain-severing ability",Năng lực chia sông cắt núi,term
握手言和,Handshake to reconcile,Bắt tay giảng hòa,term
伤处,Wound location,vết thương,term
脚踝骨折,Fractured ankle,trật khớp cổ chân,term
新队友,New teammate,đồng đội mới,term
比神仙还厉害的灵力,Spiritual power more formidable than immortals,Linh lực lợi hại hơn cả thần tiên,term
气运之子,Son of destiny,Khí vận chi tử,term
山洞,Cave,Hang động,location
辟谷,Fasting/Avoiding grains,Tịch cốc,term
精力旺盛,Energetic,Tinh lực dồi dào,term
对抗赛,Exhibition match,Trận đấu đối kháng,term
达摩克利斯之剑,Sword of Damocles,Thanh kiếm Damocles,term
犯规处罚,Foul penalty,Phạt lỗi,term
扩大影响力,Expand influence,Mở rộng ảnh hưởng,term
踢馆,Challenging a school/sect,Đá cửa,term
门派,Sect/School,Môn phái,other
山主,Mountain Master,Sơn chủ,name
家族式的企业,Family-style enterprise,Doanh nghiệp kiểu gia đình,term
后勤,Logistics/Support staff,Hậu cần,term
富贵险中求,Fortune favors the bold,Cầu phú quý trong nguy hiểm,term
神仙,Immortal/God,thần tiên,other
抱上了神仙的大腿,Clung to an immortal's leg,Ôm được đùi thần tiên,term
绰号,Nickname,Biệt danh,term
半步宗师,Half-step Grandmaster,Bán bộ tông sư,term
大弟子,Eldest disciple,Đại đệ tử,name
天材地宝,Heavenly materials and earthly treasures,Thiên tài địa bảo,term
独侠谢越,Lone Hero Xie Yue,Độc Hiệp Tạ Việt,name
千户,Chiliarch (Commander of a thousand households),Thiên hộ,name
钓饵,Bait,Mồi câu,term
擒贼先擒王,"To catch bandits, first catch the king",Bắt giặc trước bắt vua,term
迷失本性,Lose one's true nature,Đánh mất bản tâm,term
妖物的傀儡,Puppet of a monster,Khôi lỗi của yêu vật,term
空间,Space,Không gian,term
时空穿梭的科技,Time-space travel technology,Khoa học kỹ thuật xuyên không gian thời gian,term
吞噬,Devour,nuốt chửng,term
作威作福,Act like a tyrant,Tác oai tác quái,term
公孙掌门,Sect Master Gongsun,Công Tôn chưởng môn,name
宣传部,Propaganda Department,Ban tuyên truyền,organization
应援条幅,Cheering banners,Ứng viện điều phùng,term
洪福茶庄,Hongfu Tea House,Hồng Phúc trà trang,organization
凤鸣轩绸缎庄,Phoenix Cry Pavilion Silk House,Tiệm tơ lụa Phượng Minh Hiên,organization
辣舞,Racy/Hot dance,vũ đạo nóng bỏng,term
贵宾座,VIP seats,Ghế VIP,term
威宁城知府,Prefect of Weining City,Tri phủ thành Uy Ninh,name
圣上,His Majesty,Thánh thượng,name
妖人,Demon person,Yêu nhân,term
顶心肘,Thrusting elbow strike to the chest,Đỉnh Tâm Trửu,term
大儒,,Đại Nho,term
棉衣卫,,Miên Y Vệ,organization
师兄,,Sư huynh,term
前辈,,Tiền bối,term
李掌门,,Lý chưởng môn,name
掌门,,Chưởng môn,term
魏知府,,Ngụy tri phủ,name
邪道,,Tà đạo,term
足球俱乐部徽章,Football Club Crest,huy hiệu câu lạc bộ bóng đá,term
官方,Official,Quan phương,term
赌坊,Gambling House,Đổ phường,organization
庄家,Bookmaker,Trang gia,term
足彩发行细则,Football Lottery Issuance Regulations,Quy chế Phát hành Cá cược Bóng đá,term
圣人,Emperor,Thánh Nhân,term
国之重器,,bảo vật trấn quốc,term
天师,,Thiên sư,other
邪教,Cult,Tà giáo,organization
副指挥使,,Phó chỉ huy sứ,term
李强,,Lý Cường,name
双龙探海,,Song Long Thám Hải,term
慕容宗师,,Mộ Dung Tông Sư,name
势,,Thế,term
护法,,Hộ Pháp,other
长老,,Trưởng Lão,other
保安队长,,Bảo An Đội Trưởng,other
天龙八部,,Thiên Long Bát Bộ,other
钟良,,Chung Lương,name
胡秀才,,Hồ Tú Tài,name
玄衣卫,,Huyền Y Vệ,organization
足球联盟,Football Union,Liên đoàn bóng đá,organization
天师府,,Thiên Sư Phủ,organization
灵力种子,,Linh lực chủng tử,term
魔气,,Ma khí,term
魔物,,Ma vật,term
妖龙,,Yêu long,term
碳基文明,Carbon-based civilization,Văn minh gốc cacbon,term
硅基文明,Silicon-based civilization,Văn minh gốc silic,term
虫族,Zerg,Trùng tộc,term
虫族母皇,Broodmother,Trùng tộc Mẫu hoàng,term
工虫,Drone,Công trùng,term
兵虫,Soldier bug,Binh trùng,term
尖嚣者,,Tiêm Khiêu Giả,term
电子跃迁,Electronic transition,Nhảy vọt điện tử,term
夺舍,Possession,đoạt xá,term
三等文明,,Văn minh cấp ba,term
印花坊,,Ấn hoa phường,other
成衣坊,,Thành y phường,other
京城,Capital City,Kinh Thành,location
太子府,Crown Prince's Residence,Thái Tử Phủ,location
京畿营,Metropolitan Garrison,Kinh Kỳ Doanh,organization
高塘,,Cao Đường,location
玉华,,Ngọc Hoa,location
丰州,,Phong Châu,location
瀛洲,Yingzhou,Doanh Châu,location
荆州,Jingzhou,Kinh Châu,location
皇家足球俱乐部,Royal Football Club,Câu lạc bộ bóng đá Hoàng gia,organization
不愈之伤,Unhealing Wound,Bất Dũ Chi Thương,term
拖人下水,Drag others down,Kéo Ngươi Xuống Nước,term
录儿,,Lục Nhi,name
皇宫,,Hoàng Cung,location
皇家俱乐部,,Câu lạc bộ Hoàng gia,organization
天狼谷足球联盟,,Liên minh Bóng đá Thiên Lang Cốc,organization
丙级联赛,C-League,Giải hạng Ba,term
青少年联赛,Youth League,Giải thiếu niên,term
队友祭天，法力无边,"Sacrificing teammates to heaven, boundless magic power","Đội Hữu Tế Thiên, Pháp Lực Vô Biên",term
铁线虫,Horsehair worm,Thiết Tuyến Trùng,term
炼气三层,Qi Refining Level 3,Luyện khí tầng ba,term
修真世界,Cultivation world,Thế giới tu chân,location
猪头龙,,Trư đầu long,name
鸡头龙,,Kê đầu long,name
龙首人身,,Long thủ nhân thân,term
黑龙,Black Dragon,Hắc Long,name
龙真身,Dragon true form,Long chân thân,term
队友祭天,Sacrificing teammates,Đội Hữu Tế Thiên,term
透支,Overdraw,Thấu chi,term
世界杯,World Cup,World Cup,other
转会市场,Transfer market,Thị trường chuyển nhượng,term
教练,Coach,Huấn luyện viên,term
足球周边,Football merchandise,Sản phẩm phái sinh bóng đá,term
足协,Football Association,Liên đoàn bóng đá,organization
柳春华,,Liễu Xuân Hoa,name
丁盼夏,,Đinh Phán Hạ,name
中武,Mid-tier martial world,Trung võ,term
高武,High-tier martial world,Cao võ,term
低武,Low-tier martial world,Thấp võ,term
修行文明,Cultivation civilization,Văn minh tu hành,term
龙子龙孙,Dragon offspring,Long tử long tôn,term
封印馆,Sealing Hall,Phong Ấn Quán,location
潘多拉魔盒,Pandora's Box,Chiếc hộp Pandora,other
西大陆,Western Continent,Tây Đại Lục,location
东大陆,Eastern Continent,Đông Đại Lục,location
廖忠,,Liêu Trung,name
宋嘉妮,,Tống Gia Ni,name
静心诀,Quiet Heart Art,Tĩnh Tâm Quyết,term
庞丰,,Bàng Phong,name
五行相生法,Five Elements Generation Method,Ngũ Hành Tương Sinh Pháp,term
筑基,Foundation Establishment,Trúc cơ,term
灵气,Spiritual energy,Linh khí,term
炼气,Qi Refining,Luyện khí,term
长青功,Evergreen Art,Trường Thanh Công,term
五雷法,Five Thunder Art,Ngũ Lôi Pháp,term
炼金术,Alchemy,Luyện kim thuật,term
西文,Western language,chữ latin,term
神龙,Divine Dragon,Thần Long,name
知州,,Tri châu,term
龙根,,Long căn,term
仙界,Immortal Realm,Tiên giới,location
基础魔法,Basic Magic,Ma pháp cơ bản,term
清大,Tsinghua University,Đại học Thanh Hoa,location
丧尸,Zombie,Xác sống,term
晶核,Crystal core,Tinh hạch,term
喇叭,Loudspeaker,Loa,term
杨天睿,,Dương Thiên Duệ,name
沈卫风,,Thẩm Vệ Phong,name
李昊,Li Hao,Lý Hạo,name
青阳门,,Thanh Dương Môn,organization
无极宗,,Vô Cực Tông,organization
神剑派,,Thần Kiếm Phái,organization
灵云观,,Linh Vân Quan,organization
天松山,,Thiên Tùng Sơn,organization
长定殿,,Trường Định Điện,location
灵石,Spirit stone,Linh thạch,currency
能量棒,Energy bar,Thanh năng lượng,term
紫阳葫芦,,Tử Dương hồ lô,term
筑基期,Foundation Establishment stage,Trúc Cơ kỳ,term
上阳遗迹,,di tích Thượng Dương,location
洞庭山,,Động Đình Sơn,location
湖州,,Hồ Châu,location
交州,,Giao Châu,location
蓟州,,Kế Châu,location
长安,,Trường An,location
抚宁,,Phủ Ninh,location
星辰砂,,Tinh Thần Sa,term
天杉木,,Thiên Sâm Mộc,term
纸鹤,Paper crane,Hạc Giấy,term
道宗,Dao Sect,Đạo Tông,organization
剑宗,Sword Sect,Kiếm Tông,organization
佛宗,Buddhist Sect,Phật Tông,organization
魔门,Demon Gate,Ma Môn,organization
鬼宗,Ghost Sect,Quỷ Tông,organization
妖界,Demon Realm,Yêu Giới,organization
青阳山,,Thanh Dương Sơn,location
青阳峰,,Thanh Dương Phong,location
长定峰,,Trường Định Phong,location
长青峰,,Trường Thanh Phong,location
长白峰,,Trường Bạch Phong,location
长乐峰,,Trường Lạc Phong,location
祖师殿,,Tổ Sư Điện,location
徐景行,,Từ Cảnh Hành,name
于兰馨,,Vu Lan Hinh,name
文雷,,Văn Lôi,name
鹿青菱,,Lộc Thanh Lăng,name
孟明哲,,Mạnh Minh Triết,name
葛瑞,,Cát Thụy,name
青云心法,,Thanh Vân Tâm Pháp,term
青元心法,,Thanh Nguyên Tâm Pháp,term
元婴,Nascent Soul,Nguyên Anh,term
化神,Soul Transformation,Hóa Thần,term
炼虚,Void Refinement,Luyện Hư,term
合道,Dao Integration,Hợp Đạo,term
炼虚合道,,Luyện Hư Hợp Đạo,term
塑料,Plastic,Nhựa,term
问道盟,Wendao Alliance,Vấn Đạo Minh,organization
活字印刷,Movable type printing,In chữ rời,term
曲辕犁,Curved-shaft plough,Cày càng cong,term
江诗丹顿纵横四海,,Vacheron Constantin Overseas,other
自然学家,naturalist,Nhà tự nhiên học,term
《食物链和生态网》,,Chuỗi thức ăn và Mạng lưới sinh thái,term
《物种起源》,On the Origin of Species,Nguồn gốc các loài,term
物竞天择,natural selection,Vật cạnh thiên trạch,term
适者生存,survival of the fittest,Thích giả sinh tồn,term
《战争论》,On War,Bàn về chiến tranh,term
入门学员,,Nhập môn học viên,term
学徒,,Học đồ,term
学士,,Học sĩ,term
学者,,Học giả,term
大学者,,Đại học giả,term
讲师,,Giảng sư,term
大讲师,,Đại giảng sư,term
圣师,,Thánh sư,term
手表,watch,Đồng hồ,term
阴飞槐,,Âm Phi Hòe,name
姜易山,,Khương Dịch Sơn,name
沐雪,,Mộc Tuyết,name
吉天问,,Cát Thiên Vấn,name
五派大比,,Ngũ phái đại tỷ,term
天神之手,,Thiên Thần Chi Thủ,term
创世五圣,,Sáng thế ngũ thánh,term
孔丘,,Khổng Khâu,name
孟柯,,Mạnh Kha,name
李聃,,Lý Đam,name
庄周,,Trang Chu,name
孙武,,Tôn Vũ,name
创始八元老,,Sáng thủy bát nguyên lão,term
金丹,,Kim Đan,term
吉天,,Cát Thiên,name
陆慕,,Lục Mộ,name
姜国,,Khương Quốc,location
隆历年,,Long Lịch Niên,term
谭邦彦,,Đàm Bang Ngạn,name
鲁国,,Lỗ Quốc,location
莫离,,Mạc Ly,name
丁寿安,,Đinh Thọ An,name
江南商会,,Giang Nam Thương Hội,organization
潘运,,Phan Vận,name
道心,,Đạo tâm,term
腕表,Wristwatch,Đồng hồ đeo tay,term
法器,,Pháp khí,term
阵纹,,Trận văn,term
神识,,Thần thức,term
炼器,,Luyện khí,term
投影阵纹,,Chiếu ảnh trận văn,term
江师丹顿,Vacheron Constantin,Vacheron Constantin,term
《经学中庸解》,,Kinh Học Trung Dung Giải,other
《礼说》,,Lễ Thuyết,other
《蒙正》,,Mông Chính,other
《练兵新策》,,Luyện Binh Tân Sách,other
《兵圣新解》,,Binh Thánh Tân Giải,other
孟良哲,,Mạnh Lương Triết,name
化神境,Deity Transformation Realm,Hóa Thần Cảnh,term
炼虚境,Void Refinement Realm,Luyện Hư Cảnh,term
合道境,Dao Integration Realm,Hợp Đạo Cảnh,term
五派联盟,Five Sect Alliance,Ngũ Phái Liên Minh,organization
青阳真经,,Thanh Dương Chân Kinh,term
执法堂,,Chấp Pháp Đường,organization
蔡章,,Thái Chương,name
灵药堂,,Linh Dược Đường,organization
屈豪,,Khuất Hào,name
天松门,,Thiên Tùng Môn,organization
孙长老,,Tôn Trưởng Lão,name
中品灵石,Mid-grade Spirit Stone,Trung Phẩm Linh Thạch,currency
上品灵石,High-grade Spirit Stone,Thượng Phẩm Linh Thạch,currency
极品灵石,Top-grade Spirit Stone,Cực Phẩm Linh Thạch,currency
时间之神,Time God,Thời Gian Chi Thần,god
经济学,Economics,Kinh Tế Học,term
国富论,The Wealth of Nations,Quốc Phú Luận,term
边缘政治,Geopolitics,Biên Duyên Chính Trị,term
完美筑基,Perfect Foundation,Hoàn Mỹ Trúc Cơ,term
炼气八层,,Luyện Khí Bát Tầng,term
驱尘术,Dust-Cleansing Art,Khu Trần Thuật,term
飞升之道,Way of Ascension,Phi Thăng Chi Đạo,term
化丹成婴,,Hóa Đan Thành Anh,term
上三门,Three Great Sects,Thượng Tam Môn,organization
曹伯言,,Tào Bá Ngôn,name
青木盾,,Thanh Mộc Thuẫn,term
替身木,,Thế Thân Mộc,term
雪蚕衣,,Tuyết Tằm Y,term
神行靴,,Thần Hành Ngoa,term
传送符,,Truyền Tống Phù,term
萧远,,Tiêu Viễn,name
邹坤,,Trâu Khôn,name
邪道三宗,Three Evil Sects,Tà Đạo Tam Tông,organization
葫芦山,Gourd Mountain,Hồ Lô Sơn,location
金丹境,Golden Core Stage,Kim Đan Cảnh,term
雷文杰,,Lôi Văn Kiệt,name
裘冥,,Cừu Minh,name
魔主,Demon Lord,Ma Chủ,name
魔莲变,,Ma Liên Biến,term
筑基一层,Foundation Building Level 1,Trúc Cơ nhất tầng,term
筑基二层,Foundation Building Level 2,Trúc Cơ nhị tầng,term
天松派,Tiansong Sect,Thiên Tùng Phái,organization
小阳峰,,Tiểu Dương Phong,location
大阳峰,,Đại Dương Phong,location
斗转星移,,Đẩu Chuyển Tinh Di,term
因果之道,Path of Karma,Nhân Quả Chi Đạo,term
因果之刀,Knife of Karma,Đao Nhân Quả,term
愿力,Power of Will,Nguyện Lực,term
众生愿力,Power of Sentient Beings' Vows,Chúng Sinh Nguyện Lực,term
烈焰宗,Lieyan Sect,Liệt Diễm Tông,organization
众星捧月,,Chúng Tinh Bổng Nguyệt,term
九长老,Ninth Elder,Cửu Trưởng Lão,name
傀儡丝,Puppet Silk,Khôi Lỗi Ti,term
苍厉,,Thương Lệ,name
幽冥殿,Youming Hall,U Minh Điện,location
燧人氏,Suiren,Toại Nhân Thị,name
神农氏,Shennong,Thần Nông Thị,name
黄帝,Yellow Emperor,Hoàng Đế,name
大禹,Da Yu,Đại Vũ,name
冯凯,,Phùng Khải,name
孔康泽,,Khổng Khang Trạch,name
茅潃,,Mao Sấn,name
吕峻,,Lữ Tuấn,name
雷羿恒,,Lôi Nghệ Hằng,name
翟斌,,Trạch Bân,name
蛇影教,,Xà Ảnh Giáo,organization
佛门,,Phật Môn,organization
玉蝉寺,,Ngọc Thiền Tự,organization
龙旗宗,,Long Kỳ Tông,organization
炼气期,Qi Refining Phase,Luyện Khí Kỳ,term
散仙之道,Way of the Loose Immortal,Tán Tiên Chi Đạo,term
愿力飞升,,Nguyện Lực Phi Thăng,term
接引飞升,,Tiếp Dẫn Phi Thăng,term
兵解,Corpse Release,Binh Giải,term
无相雷煞阵,,Vô Tướng Lôi Sát Trận,term
定身符,Immobilization Talisman,Định Thân Phù,term
缚仙索,Immortal Binding Rope,Phược Tiên Tỏa,term
迷魂烟,Soul Confusing Smoke,Mê Hồn Yên,term
蚀灵散,Spirit Corroding Powder,Thực Linh Tán,term
掷象之力,,Trịch Tượng Chi Lực,term
举霞飞升,Ascending in a Cloud of Light,Cử Hà Phi Thăng,term
仙人金身,Immortal Golden Body,Tiên Nhân Kim Thân,term
蛇影山,,Xà Ảnh Sơn,location
蛇影宗,,Xà Ảnh Tông,organization
散仙,Loose Immortal,Tán Tiên,term
斩仙剑,,Trảm Tiên Kiếm,other
增灵阵纹,,Tăng Linh Trận Văn,term
天罗阵,,Thiên La Trận,term
朱昱,,Chu Dục,name
杨子安,,Dương Tử An,name
法显,,Pháp Hiển,name
八门锁空符,,Bát Môn Tỏa Không Phù,term
魔宗,,Ma Tông,organization
元婴树,,Nguyên Anh Thụ,term
锁空符,,Tỏa Không Phù,term
金身,Golden Body,Kim Thân,term
万剑诀,,Vạn Kiếm Quyết,term
佛门法身,,Phật Môn Pháp Thân,term
佛门金身,,Phật Môn Kim Thân,term
金刚不坏,,Kim Cang Bất Hoại,term
魔宗殿,,Ma Tông Điện,location
宇宙壁垒,,Vũ Trụ Bích Lũy,term
时间回退,Time Regression,Thời Gian Hồi Thoái,term
阿弥陀佛,Amitabha,A Di Đà Phật,other
观世音菩萨,Avalokitesvara Bodhisattva,Quán Thế Âm Bồ Tát,other
大势至菩萨,Mahasthamaprapta Bodhisattva,Đại Thế Chí Bồ Tát,other
大智菩萨,Manjusri Bodhisattva,Đại Trí Bồ Tát,other
大悲菩萨,,Đại Bi Bồ Tát,other
大愿菩萨,,Đại Nguyện Bồ Tát,other
大行菩萨,,Đại Hạnh Bồ Tát,other
大护菩萨,,Đại Hộ Bồ Tát,other
大伽蓝菩萨,Sangharama Bodhisattva,Đại Già Lam Bồ Tát,other
舍利弗,Sariputra,Xá Lợi Phất,name
目健莲,Maudgalyayana,Mục Kiền Liên,name
阿那律,Aniruddha,A Na Luật,name
空王佛,,Không Vương Phật,other
无量佛,,Vô Lượng Phật,other
无量寿佛,,Vô Lượng Thọ Phật,other
西方净土,Western Pure Land,Tây Phương Tịnh Độ,location
宿慧,,Túc Tuệ,term
龙脊宗,,Long Tích Tông,organization
传道长老,,Truyền Đạo Trưởng Lão,term
问道盟护法,,Vấn Đạo Minh Hộ Pháp,term
痛击队友,,Bóp team,term
RPG游戏,RPG game,trò chơi RPG,term
佛陀,,Phật Đà,other
大乘佛法,Mahayana Buddhism,Đại Thừa Phật Pháp,term
般若部,,Bát Nhã bộ,term
宝积部,,Bảo Tích bộ,term
大集部,,Đại Tập bộ,term
华严部,,Hoa Nghiêm bộ,term
涅槃部,,Niết Bàn bộ,term
大涅槃经,Mahaparinirvana Sutra,Đại Niết Bàn Kinh,term
楞伽经,Lankavatara Sutra,Lăng Già Kinh,term
菩萨藏经,,Bồ Tát Tạng Kinh,term
三清道尊,,Tam Thanh Đạo Tôn,name
昌然道君,,Xương Nhiên Đạo Quân,name
轻云老祖,,Khinh Vân Lão Tổ,name
周轻云,,Chu Khinh Vân,name
峨眉剑派,Emei Sect,Nga Mi Kiếm Phái,organization
李英琼,,Lý Anh Quỳnh,name
严人英,,Nghiêm Nhân Anh,name
余英男,,Dư Anh Nam,name
齐灵云,,Tề Linh Vân,name
三英二云,,Tam Anh Nhị Vân,term
青索剑,,Thanh Sách Kiếm,other
蜀山剑侠传,,Thục Sơn Kiếm Hiệp Truyện,other
还珠楼主,,Hoàn Châu Lâu Chủ,name
天圣山,,Thiên Thánh Sơn,location
霍峰,,Hoắc Phong,name
蓝宇,,Lam Vũ,name
妖王,,Yêu Vương,name
丝线牵牛,,Ti luyến khiên ngưu,term
宋良瑞,,Tống Lương Thụy,name
法智,,Pháp Trí,name
失魂斩,,Thất hồn trảm,term
万鬼噬魂,,Vạn quỷ phệ hồn,term
坚壁清野,Scorched earth policy,Kiên bích thanh dã,term
枫叶寺,,Phong Diệp Tự,location
飘向骨,,Phiêu Hướng Cốt,location
月影宗,,Nguyệt Ảnh Tông,organization
视听共享,Audiovisual Sharing,Thị Thính Cộng Hưởng,term
精准计时,Precise Timing,Tinh Chuẩn Kế Thời,term
时间免疫,Time Immunity,Thời Gian Miễn Dịch,term
时停,Time Stop,Thời Đình,term
时间预演,Time Preview,Thời Gian Dự Diễn,term
时间快进,Time Fast Forward,Thời Gian Khoái Tiến,term
时间后退,Time Rewind,Thời Gian Hậu Thoái,term
八门锁空阵,,Bát Môn Tỏa Không Trận,term
剑匣,,Kiếm Hạp,term
直面内心,,Trực Diện Nội Tâm,term
奢侈品,Luxury goods,Xa xỉ phẩm,term
戴表,,Đeo đồng hồ,term
赏银,,Thưởng bạc,currency
戴表赏银,,Tiền thưởng đeo đồng hồ,currency
符篆,,Phù triện,term
炼丹,Alchemy,Luyện đan,term
阵法,Formations,Trận pháp,term
战技,,Chiến kỹ,term
护体金身,,Hộ Thể Kim Thân,term
峨眉,,Nga Mi,location
大自在天魔,,Đại Tự Tại Thiên Ma,name
天幽老祖,,Thiên U Lão Tổ,name
九头妖尊,,Cửu Đầu Yêu Tôn,name
九头虫,,Cửu Đầu Trùng,name
储物袋,Storage bag,Túi trữ vật,term
曹杰明,,Tào Kiệt Minh,name
电磁地球仪,,Quả địa cầu điện từ,term
地磁力,,Lực địa từ,term
垂涎三尺,,Thùy Diên Tam Xích,term
尺短寸长,,Xích Đoản Thốn Trường,term
尺寸之功,,Xích Thốn Chi Công,term
冰壶玉尺,,Băng hồ ngọc xích,term
尺水丈波,,Xích Thủy Trượng ba,term
百尺竿头,,Bách Xích Can Đầu,term
尺幅千里,,Xích Phúc Thiên Lý,term
安纳西,,Annecy,location
雷蒙德,,Raymond,name
莫利安,,Morian,location
欧尼德,,Onid,location
混天绫,Red Armillary Sash,Hỗn Thiên Lăng,term
哪吒,Nezha,Na Tra,name
灵珠子,,Linh Châu Tử,name
金蛟剪,,Kim Giao Tiễn,term
量天尺,,Lượng Thiên Xích,term
混元金斗,,Hỗn Nguyên Kim Đấu,term
乾坤圈,,Càn Khôn Quyển,term
亡灵天灾,Undead Scourge,Vong Linh Thiên Tai,term
术士,Sorcerer,Thuật sĩ,term
六芒星,Hexagram,ngôi sao hình lục giác,term
禁咒,Forbidden spell,Cấm chú,term
亡灵骑士,Undead Knight,Vong linh kỵ sĩ,term
都灵圣裹,Shroud of Turin,Đô Linh Thánh Khỏa,term
上帝,God,Thượng đế,name
斩妖剑,Demon Slaying Sword,Trảm Yêu Kiếm,term
火尖枪,Fire-tipped Spear,Hỏa Tiêm Thương,term
风火轮,Wind Fire Wheels,Phong Hỏa Luân,term
杨戬,Yang Jian,Dương Tiễn,name
陆压,Lu Ya,Lục Áp,name
元始天尊,Yuanshi Tianzun,Nguyên Thủy Thiên Tôn,name
亡灵军团,Undead Legion,Vong linh quân đoàn,organization
林顿,Linton,Linton,name
神格,Godhead,Thần cách,term
阿拉贡,Aragorn,Aragorn,name
文森特,Vincent,Vincent,name
圣光魔法,Holy Light Magic,Thánh quang ma pháp,term
亡灵之地,Land of the Undead,Vong linh chi địa,location
赛思,Seth,Seth,name
迪安,Dean,Dean,name
伊丽丝,Iris,Iris,name
大法师,Archmage,Đại pháp sư,term
格林,Green,Green,name
唐纳,Donner,Donner,name
奥古斯特,August,August,name
布克,Brook,Brook,name
戈贝尔,Goebel,Goebel,name
全系法师,All-element Mage,Toàn hệ pháp sư,term
甘道夫,Gandalf,Gandalf,name
诸神黄昏,Ragnarok,Chư thần hoàng hôn,term
龙骨山脉,Dragonbone Mountains,Long Cốt sơn mạch,location
弗洛伊德,Freud,Freud,name
米迦勒,Michael,Michael,name
天使之心,Angel's Heart,Thiên Sứ Chi Tâm,term
骷髅君王,Skeleton King,Khô Lâu quân vương,name
利安德尔,Leander,Leander,name
兽人,Orc,Orc,term
狂战圣,Berserker Saint,Cuồng chiến thánh,term
命运之子,Child of Destiny,Mệnh Vận Chi Tử,term
芬里尔,Fenrir,Fenrir,name
耶梦加得,Jormungand,Jormungand,name
八岐大蛇,Yamata no Orochi,Bát Kỳ Đại Xà,name
龙骨要塞,Dragonbone Fortress,Pháo đài Xương Rồng,location
魔晶巨炮,Mana Crystal Cannon,Ma tinh cự pháo,term
西塞露,Siselu,Siselu,name
朗姆酒,Rum,Rượu Rum,other
利昂,Leon,Leon,name
霍克,Hawke,Hawke,name
罗奥·尼尔,Roald Neill,Roald Neill,name
禁魔球,Anti-magic Orb,Cấm ma cầu,term
杜安,Duane,Duane,name
佩奇,Page,Page,name
彼得·金,Peter King,Peter King,name
金币,Gold coin,kim tệ,currency
银币,Silver coin,ngân tệ,currency
铜币,Copper coin,đồng tệ,currency
法师,Mage,Pháp sư,term
丹田模拟器,,Máy mô phỏng Đan điền,term
神格碎片,Godhead fragment,Thần cách toái phiến,term
禁忌法师,Forbidden Mage,Cấm kỵ pháp sư,term
金乌,Golden Crow,Kim Ô,other
鲲鹏,Kunpeng,Côn Bằng,other
狮鹫,Griffin,Sư thứu,other
沙贝,Shabei,Shabei,name
奎德·马歇尔,Quid Marshall,Quid Marshall,name
约克鲁,Yokru,Yokru,name
塞德里克,Cedric,Cedric,name
艾莎,Aisha,Aisha,name
莱拉,Laila,Laila,name
菲尔瑞,Firry,Firry,name
乔伊,Joy,Joy,name
迈雅,Maia,Maia,name
宙斯,Zeus,Zeus,name
海格力斯,Hercules,Hercules,name
赫拉,Hera,Hera,name
梵天,Brahma,Brahma,name
奥丁,Odin,Odin,name
伊露维塔,Eru Ilúvatar,Eru Ilúvatar,name
维拉,Valar,Valar,name
路西法,Lucifer,Lucifer,name
切茜娅,Chexia,Chexia,name
昔拉,Sila,Sila,name
撒思姆,Sasum,Sasum,name
欧尼德大陆,Onid Continent,Đại Lục Onid,location
奥林匹斯山,Mount Olympus,Đỉnh Olympus,location
亡灵族,Undead Race,Tộc Vong Linh,organization
兽人族,Orc Race,Tộc Orc,organization
精灵族,Elf Race,Tộc Tinh Linh,organization
联盟总部,Alliance Headquarters,Tổng Bộ Liên Minh,organization
剑圣,Sword Saint,Kiếm Thánh,term
狮鹫骑士,Gryphon Rider,Sư Thứu Kỵ Sĩ,term
龙骑士,Dragon Rider,Long Kỵ Sĩ,term
魔晶大炮,Magic Crystal Cannon,Ma Tinh Đại Pháo,term
洁净之巾,Sanitary Napkin,Khiết Tịnh Chi Cân,term
诸神之战,War of the Gods,Chư Thần Chi Chiến,term
狂战士,Berserker,Cuồng Chiến Sĩ,term
大祭司,High Priest,Đại Tế Ty,term
罗奥,Roao,Roao,name
艾米莉亚,Emilia,Emilia,name
波莉,Polly,Polly,name
爱娜,Aina,Aina,name
马歇尔,Marshall,Marshall,name
肯尼斯,Kenneth,Kenneth,name
莱因哈德,Reinhard,Reinhard,name
阿瑞娜,Arina,Arina,name
安格斯·迪亚兹,Angus Diaz,Angus Diaz,name
露西亚·奥莉薇,Lucia Olivia,Lucia Olivia,name
格罗姆,Grom,Grom,name
唐拉德,Tanglade,Tanglade,name
费欧娜,Fiona,Fiona,name
理查德,Richard,Richard,name
瑞希,Ruixi,Ruixi,name
弗瑞,Fury,Fury,name
霍山峡谷,Huoshan Canyon,hẻm núi Hoắc Sơn,location
嘉定高地,Jiading Highlands,cao nguyên Gia Định,location
雪松城,City,thành Cedar,location
无尽之森,Endless Forest,Rừng Vô Tận,location
巨兽荒原,Behemoth Wasteland,Cự Thú Hoang Nguyên,location
翡翠城,Emerald City,thành Emerald,location
萨桑帝国,Sassan Empire,đế quốc Sassan,organization
兽人王庭,Orc Royal Court,Vương đình Orc,organization
潘多拉总局,Pandora Headquarters,Tổng cục Pandora,organization
绅士俱乐部,Gentlemen's Club,Câu lạc bộ Quý tộc,organization
月亮水,moon water,nước mặt trăng,term
魔力机车,magic locomotive,đầu máy ma lực,term
人工降雨,artificial rain,mưa nhân tạo,term
时间悖论,time paradox,nghịch lý thời gian,term
祖父悖论,grandfather paradox,nghịch lý ông nội,term
平行世界,parallel world,thế giới song song,term
量子力学,quantum mechanics,cơ học lượng tử,term
时空之轮,Wheel of Time,Bánh Xe Thời Gian,term
生命古树,Ancient Tree of Life,Sinh Mệnh Cổ Thụ,location
占星师,astrologer,Chiêm tinh sư,term
魅魔,succubus,Mị ma,term
艺伎,courtesan,nghệ kỹ,term
欲望之鞭,Whip of Desire,Dục Vọng chi Biên,other
听诊器,stethoscope,ống nghe,term
真言鉴别,truth discernment,Chân Ngôn Giám Biệt,term
听觉强化,hearing enhancement,Thính Giác Cường Hóa,term
狗血淋头,Bad Luck Drenching,Cẩu Huyết Lâm Đầu,term
十二圣女,Twelve Holy Maidens,Thập Nhị Thánh Nữ,organization
明月城,Bright Moon City,thành Minh Nguyệt,location
鲁本,Ruben,Ruben,name
魔法学院,Magic Academy,Ma Pháp Học Viện,organization
圣卫团,Holy Guard Corps,Thánh Vệ Đoàn,organization
贝恩,Bain,Bain,name
石门河,Shimen River,sông Shimen,location
安格斯,Angus,Angus,name
露西亚,Lucia,Lucia,name
培元丹,Peiyuan Pill,Bồi Nguyên Đan,other
欲望天魔,Desire Celestial Demon,Dục Vọng Thiên Ma,term
圣卫教,Holy Guard Sect,Thánh Vệ Giáo,organization
精灵,Elf,Tinh Linh,term
亡灵,Undead,Vong Linh,term
欧尼德联盟,Onid Alliance,Liên minh Onid,organization
布莱恩,Brian,Brian,name
占星术,Astrology,Chiêm tinh thuật,term
太阳神,Sun God,Thần Mặt Trời,god
撒旦,Satan,Satan,god
大罗金仙,,Đại La Kim Tiên,term
东皇钟,,Đông Hoàng Chung,term
烛龙,,Chúc Long,god
噎鸣,,Ế Minh,god
招妖幡,,Chiêu Yêu Phiên,term
点石成金,,Điểm thạch thành kim,term
石矶娘娘,,Thạch Cơ Nương Nương,god
暴风城,,Bạo Phong Thành,location
潘多拉,Pandora,Pandora,organization
史迪威·尼尔,Stilwell Neal,Stilwell Neal,name
莱文·泽维尔,Levin Xavier,Levin Xavier,name
扎恩·艾格,Zarn Egger,Zarn Egger,name
黑暗术士,Dark Warlock,Hắc ám thuật sĩ,term
白魔法,White Magic,Bạch ma pháp,term
快乐源泉,,Khoái lạc nguyên tuyền,term
盖亚,Gaia,Gaia,god
爱神,God of Love,Thần Tình Yêu,name
灵欲之鞭,Whip of Spirit and Desire,Roi Linh Hồn và Dục Vọng,other
圣女,Saintess,Thánh nữ,term
小皮鞭,,roi da nhỏ,other
绫爷,,Lăng gia,name
潘多拉总部,Pandora Headquarters,Tổng bộ Pandora,organization
莱文,Levin,Levin,name
扎恩,Zahn,Zahn,name
三族联盟,Three-Race Alliance,Liên Minh Tam Tộc,organization
风系禁忌法师,Wind Forbidden Mage,Phong hệ Cấm kỵ Pháp sư,term
精灵神射手,Elf Sharpshooter,Tinh Linh Thần Xạ Thủ,term
鲁法尔,Rufal,Rufal,name
兽人大祭司,Orc High Priest,Đại Tế Ti Orc,term
格瑟,Gesser,Gesser,name
救世主,Savior,Đấng Cứu Thế,term
禁忌生物,Forbidden Creature,sinh vật cấm kỵ,term
奎德,Quaid,Quaid,name
莱茵哈德,Reinhard,Reinhard,name
贝特朗,Bertrand,Bertrand,name
霍山要塞,Huoshan Fortress,Pháo đài Hoắc Sơn,location
圣卫军,Holy Guardian Army,Thánh Vệ Quân,organization
联盟军,Alliance Army,Liên Minh Quân,organization
士气如虹,Morale like a Rainbow,sĩ khí như hồng,term
自由之鞭,Whip of Freedom,Roi Tự Do,term
骷髅将军,Skeleton General,Khô Lâu Tướng Quân,term
巫妖,Lich,Pháp sư Vu Yêu,term
死灵术士,Necromancer,Thuật Sĩ Tử Linh,term
兽人狂战圣,Orc Berserker Saint,Thú Nhân Cuồng Chiến Thánh,term
骨龙,Bone Dragon,Cốt Long,term
骨龙骑士,Bone Dragon Knight,Kỵ Sĩ Cốt Long,term
流星火雨,Meteor Fire Rain,Lưu Tinh Hỏa Vũ,term
捆仙绳,Immortal Binding Rope,Khốn Tiên Thừng,term
亡灵迷雾,Undead Mist,Sương Mù Vong Linh,location
绳捆索绑,Rope Binding,Dây Thừng Trói Buộc,term
生命礼赞,Life Praise,Sinh Mệnh Lễ Tán,term
衰老之息,Aging Breath,Hơi Thở Lão Hóa,term
死亡凝视,Death Gaze,Cái Nhìn Tử Thần,term
潜行,Stealth,Tiềm Hành,term
亡灵爆破,Undead Explosion,Vong Linh Bộc Phá,term
欲望天女,Lady of Desire,Dục Vọng Thiên Nữ,term
传送门,Teleportation Gate,Cổng dịch chuyển,term
孙悟空,Sun Wukong,Tôn Ngộ Không,name
女娲,Nuwa,Nữ Oa,name
盘古,Pangu,Bàn Cổ,name
女儿国,Kingdom of Women,Nữ Nhi Quốc,location
子母河,Zimu River,Sông Tử Mẫu,location
龙宫,Dragon Palace,Long Cung,location
海妖,Sea Siren,Hải Yêu,term
死亡缠绕,Death Coil,Cái chết quấn quanh,term
天女教,Celestial Maiden Sect,Thiên Nữ Giáo,organization
战神,God of War,Chiến Thần,name
生命之神,God of Life,Sinh Mệnh Chi Thần,name
洁净之神,God of Cleanliness,Khiết Tịnh Chi Thần,name
哈哈镜,Distorting Mirror,Kính Biến Hình,term
传道受业,Teaching and Preaching,Truyền Đạo Thụ Nghiệp,term
玉净瓶,Jade Pure Vase,Ngọc Tịnh Bình,term
阴阳二气瓶,Yin-Yang Dual Qi Vase,Âm Dương Nhị Khí Bình,term
八宝琉璃瓶,Eight Treasure Glazed Vase,Bát Bảo Lưu Ly Bình,term
四海瓶,Four Seas Vase,Tứ Hải Bình,term
风口袋,Wind Bag,Túi Gió,term
照妖镜,Demon-Reflecting Mirror,Chiếu Yêu Kính,term
持国天王,Dhritarashtra,Trì Quốc Thiên Vương,name
玉琵琶,Jade Pipa,Ngọc Tì Bà,term
韩湘子,Han Xiangzi,Hàn Tương Tử,name
何旭,He Xu,Hà Húc,name
蓉蓉,Rongrong,Dung Dung,name
红云学院,Red Cloud Academy,Học viện Hồng Vân,organization
河西市,Hexi City,Thành phố Hà Tây,location
万象城,Wanxiang City,Vạn Tượng Thành,location
独孤,Dugu,Độc Cô,name
白轩,Bai Xuan,Bạch Hiên,name
弓圣,Bow Saint,Cung Thánh,term
荒,Huang,Hoang,name
星珠,Star Bead,Tinh Châu,term
星力,Star Power,Tinh Lực,term
星技,Star Skill,Tinh Kỹ,term
邱飞鹏,Qiu Feipeng,Khâu Phi Bằng,name
暗影公会,Shadow Guild,Hội Ám Ảnh,organization
疾风狐,Gale Fox,Tật Phong Hồ,term
闪电豹,Lightning Leopard,Thiểm Điện Báo,term
震爆虎,Thunder Tiger,Chấn Bộc Hổ,term
雷鹰,Thunder Eagle,Lôi Ưng,term
冰霜鳄,Frost Crocodile,Băng Sương Ngạc,term
黑翼蝠,Black-Winged Bat,Hắc Dực Bức,term
柳蓉蓉,Liu Rongrong,Liễu Dung Dung,name
杨琪,Yang Qi,Dương Kỳ,name
池文杰,Chi Wenjie,Trì Văn Kiệt,name
侯然,Hou Ran,Hầu Nhiên,name
秦天,Qin Tian,Tần Thiên,name
薛阳,Xue Yang,Tiết Dương,name
废墟,The Ruins,Phế tích,location
平底锅集团,Frying Pan Group,Tập đoàn Chảo Rán,organization
星币,Star Coin,Tinh tệ,currency
命星,Natal Star,Mệnh tinh,term
变异兽,Mutant Beast,Thú biến dị,term
秦氏集团,Qin Group,Tập đoàn Tần Thị,organization
锅神,Pot God,Nồi Thần,name
深蓝星,Deep Blue Star,Sao Thâm Lam,location
动力机车,Power Locomotive,Mô tô năng lượng,term
人类命运联合共同体,Human Destiny Community,Cộng đồng Vận mệnh Nhân loại,organization
主星,Main Star,Chủ tinh,term
太阴星,Lunar Star,Thái Âm Tinh,term
太阳星,Solar Star,Thái Dương Tinh,term
莫志鸿,Mo Zhihong,Mạc Chí Hồng,name
宋丽,Song Li,Tống Lệ,name
朱正豪,Zhu Zhenghao,Chu Chính Hào,name
楚威,Chu Wei,Sở Uy,name
雷叔,Uncle Lei,Lôi thúc,name
施耀集团,Shiyao Group,Tập đoàn Thi Diệu,organization
南夜集团,Nanye Group,Tập đoàn Nam Dạ,organization
星图集团,Xingtu Group,Tập đoàn Tinh Đồ,organization
天元能量,Tianyuan Energy,Thiên Nguyên Năng Lượng,organization
基因改造液,Genetic Modification Fluid,Dịch cải tạo gen,term
星图,Star Map,Tinh Đồ,organization
南书易,Nan Shuyi,Nam Thư Dịch,name
木先生,Mr. Mu,Mộc tiên sinh,name
安岳市,Anyue City,Thành phố An Nhạc,location
南文斌,Nan Wenbin,Nam Văn Bân,name
南书韵,Nan Shuyun,Nam Thư Vận,name
秦修文,Qin Xiuwen,Tần Tu Văn,name
庞白松,Pang Baisong,Bàng Bạch Tùng,name
楚中天,Chu Zhongtian,Chu Trung Thiên,name
楚中越,Chu Zhongyue,Chu Trung Việt,name
毕志恒,Bi Zhiheng,Tất Chí Hằng,name
山河行省,Shanhe Province,Tỉnh Sơn Hà,location
何飞,He Fei,Hà Phi,name
神魔之墟,Ruins of Gods and Demons,Thần Ma chi Phế,location
夺运,Luck Stealing,Đoạt Vận,term
夺势,Momentum Stealing,Đoạt Thế,term
二胡,Erhu,Nhị hồ,term
废墟之盟,Ruins Alliance,Liên minh Phế Tích,organization
乐公子,Lord of Music,Hoàng Tử Âm Nhạc,name
分享之神,God of Sharing,Thần Chia Sẻ,name
二胡天王,Erhu Heavenly King,Thiên Vương Nhị Hồ,name
仙力,Immortal Power,Tiên lực,term
天元,Tianyuan,Thiên Nguyên,organization
南夜,Nanye,Nam Dạ,organization
楚三爷,Third Master Chu,Sở Tam gia,name
高怀安,Gao Huaian,Cao Hoài An,name
施礼信,Shi Lixin,Thi Lễ Tín,name
江河市,Jianghe City,Thành phố Giang Hà,location
东山市,Dongshan City,Thành phố Đông Sơn,location
禹王鼎,Yu Wang Tripod,Vũ Vương Đỉnh,name
霉运滔天,Overwhelming Misfortune,Vận Rủi Ngập Trời,term
食指大动,Index Finger Movement,Thực Chỉ Đại Động,term
醍醐灌顶,Tihu Guanding,Đề Hồ Quán Đỉnh,term
太阴星力,Lunar Star Power,Thái Âm tinh lực,term
乔峰,Qiao Feng,Kiều Phong,name
五大集团,Five Major Groups,Ngũ đại tập đoàn,organization
天元集团,Tianyuan Group,Tập đoàn Thiên Nguyên,organization
乐惑苍生,Music Bewitching the Masses,Nhạc Hoặc Thương Sinh,term
五感强化,Five Senses Enhancement,Ngũ Cảm Cường Hóa,term
平底锅,Frying Pan,chảo rán,term
鱼香肉丝,Yuxiang Shredded Pork,Thịt heo xào Ngư Hương,term
姨妈巾,Sanitary Pad,Băng vệ sinh,term
将军令,General's Command,Tướng Quân Lệnh,term
单刀赴会,Single Sword Meeting,Đơn Đao Phó Hội,term
小刀会序曲,Dagger Society Overture,Khúc dạo đầu Hội Tiểu Đao,term
京都,Jingdu,Kinh Đô,location
太阳星力,Solar Star Power,Thái Dương Tinh Lực,term
歌舞通灵,Song and Dance Spirit Connection,Ca Vũ Thông Linh,term
规则之力,Power of Rules,Quy Tắc Chi Lực,term
锅人,Pan-Person,Người Chảo,term
卫生巾,Sanitary Napkin,Băng vệ sinh,term
牵连,Involvement,Liên Lụy,term
秦氏,Qin Clan,Họ Tần,organization
二泉映月,Moon Reflected in the Second Spring,Nhị Tuyền Ánh Nguyệt,other
阿炳,A Bing,A Bính,name
牧羊曲,Shepherd's Song,Mục Dương Khúc,other
苏武牧羊,Su Wu Herding Sheep,Tô Vũ Mục Dương,other
十面埋伏,Ambush from Ten Sides,Thập Diện Mai Phục,other
秦王破阵乐,Prince of Qin's March,Tần Vương Phá Trận Nhạc,other
荒狼,Wild Wolf,sói hoang,term
云鹿,Cloud Deer,vân lộc,term
楚老三,Chu Third,Sở Lão Tam,name
巫族,Wu Clan,Vu tộc,organization
菜阵,Food Formation,Thực Trận,term
平底锅宝宝,Frying Pan Baby,em bé Chảo rán,name
阿努比斯,Anubis,Anubis,name
审判之秤,Scales of Judgment,Cân Công Lý,name
锅宝宝,,em bé Chảo,name
玉面琵琶精,,Ngọc Diện Tỳ Bà Tinh,name
轩辕坟三妖,,Hiên Viên Phần Tam Yêu,organization
纣王,,Trụ Vương,name
封神榜,Investiture of the Gods,Phong Thần Bảng,other
姜子牙,,Khương Tử Nha,name
阐教,Chanism,Xiển Giáo,organization
准圣,,Chuẩn Thánh,term
混元圣人,,Hỗn Nguyên Thánh Nhân,term
月亮神,,Thần Mặt Trăng,name
雷神,,Lôi Thần,name
万魂幡,,Vạn Hồn Phiên,term
赛马,,Tái Mã,other
光明行,,Quang Minh Hành,other
听松,,Thính Tùng,other
琴瑟和鸣,,Cầm Sắt Hòa Minh,term
剑齿虎,Saber-toothed tiger,Kiếm Xỉ Hổ,term
猛犸象,Mammoth,Mãnh Mã Tượng,term
周天星斗大阵,,Chu Thiên Tinh Đẩu Đại Trận,term
秦始皇,,Tần Thủy Hoàng,name
大巫,,Đại Vu,term
王灵官,,Vương Linh Quan,name
叔琨,,Thúc Côn,name
帝俊,,Đế Tuấn,name
大羿,,Đại Nghệ,name
大道法则,Great Dao Law,Đại Đạo Pháp Tắc,term
东皇太一,Donghuang Taiyi,Đông Hoàng Thái Nhất,name
玉帝,Jade Emperor,Ngọc Đế,name
灵官诀,,Linh Quan Quyết,term
真武,Zhenwu,Chân Vũ,name
闻仲,Wen Zhong,Văn Trọng,name
开天斧,Kaitian Axe,Khai Thiên Phủ,term
太极图,Taiji Diagram,Thái Cực Đồ,term
轩辕剑,Xuanyuan Sword,Hiên Viên Kiếm,term
成长之道,Growth Path,Trưởng Thành Chi Đạo,term
凝心诀,,Ngưng Tâm Quyết,term
齐星泽,,Tề Tinh Trạch,name
韩琦,,Hàn Kỳ,name
龙虎山,,Long Hổ Sơn,location
钱増礼,,Tiền Tăng Lễ,name
罗修永,,La Tu Vĩnh,name
木道人,,Mộc Đạo Nhân,name
陈景,,Trần Cảnh,name
沈兰衣,,Thẩm Lan Y,name
齐易真,,Tề Dịch Chân,name
河图,,Hà Đồ,name
洛书,,Lạc Thư,name
卢颖,,Lô Dĩnh,name
丁杰,,Đinh Kiệt,name
龙儿,,Long Nhi,name
青云门,,Thanh Vân Môn,organization
斩龙台,,Trảm Long Đài,location
浑坊县,,huyện Hồn Phường,location
风铃县,,huyện Phong Linh,location
言出法随,,Ngôn Xuất Pháp Tùy,term
命运之骰,,Xúc Xắc Vận Mệnh,term
钱能改命,,Tiền Năng Cải Mệnh,term
五弊三缺,,Ngũ Tệ Tam Khuyết,term
假天庭,,Thiên Đình giả,organization
木吒,,Mộc Tra,name
金吒,,Kim Tra,name
托塔天王,,Thác Tháp Thiên Vương,name
斩立决,,Trảm lập quyết,term
生死簿,,Sổ Sinh Tử,term
昊天金阙至尊玉皇赦罪大天尊玄穹高上帝,,Hạo Thiên Kim Khuyết Chí Tôn Ngọc Hoàng Xá Tội Đại Thiên Tôn Huyền Khung Cao Thượng Đế,name
五丈原,,Ngũ Trượng Nguyên,location
泥菩萨,,Ni Bồ Tát,name
刘伯温,,Lưu Bá Ôn,name
诸葛亮,,Gia Cát Lượng,name
伏羲,,Phục Hy,name
妖后,,Yêu Hậu,name
天王府,,Thiên Vương Phủ,location
三十六天,,Ba Mươi Sáu Tầng Trời,location
七十二地,,Bảy Mươi Hai Tầng Đất,location
三千宇宙,,Ba Ngàn Thế Giới,location
空间之道,,Không Gian Chi Đạo,term
命运之道,,Mệnh Vận Chi Đạo,term
雷劫,,Lôi kiếp,term
道侣,,đạo lữ,term
炉鼎,,lô đỉnh,term
金仙,Golden Immortal,Kim Tiên,term
玲珑塔,Exquisite Pagoda,Linh Lung Tháp,term
封神大劫,Investiture of the Gods Tribulation,Phong Thần đại kiếp,term
妲己,Daji,Đắc Kỷ,name
陈塘关,Chentang Pass,Trần Đường Quan,location
李靖,Li Jing,Lý Tịnh,name
天兵,Heavenly Soldiers,Thiên binh,term
地府,Underworld,Địa Phủ,organization
元神,Primordial Spirit,Nguyên thần,term
惠岸行者,Traveler Hui'an,Huệ Ngạn Hành Giả,name
木昊,,Mộc Hạo,name
大乘境,Mahayana Realm,Đại Thừa Cảnh,term
栾京,,Loan Kinh,location
孟州,Mengzhou,Mạnh Châu,location
计长老,,Kế trưởng lão,name
反差萌,Gap moe,sự lôi cuốn từ nét đối lập,term
骰子头套,Dice headpiece,mũ trùm xúc xắc,term
殷夫人,Lady Yin,Ân phu nhân,name
齐国,Qi State,Tề Quốc,location
鲁瑞,,Lỗ Thụy,name
浑铁棍,,Hồn Thiết Côn,term
城隍,City God,Thành Hoàng,name
土地,Earth God,Thổ Địa,name
天将,Heavenly Generals,Thiên tướng,term
李天王,Heavenly King Li,Lý Thiên Vương,name
先行官,Vanguard Official,Tiên hành quan,term
征讨使,Expedition Envoy,Chinh thảo sứ,term
计春,,Kế Xuân,name
孟州城,,Mạnh Châu Thành,location
牛供奉,,Ngưu Cung Phụng,name
桑丰,,Tang Phong,name
渡劫境,Tribulation Transcendence Realm,Độ Kiếp Cảnh,term
凌放,,Lăng Phóng,name
龙华,,Long Hoa,name
陈长老,,Trần trưởng lão,name
刘长老,,Lưu trưởng lão,name
我的心思你别猜,,"Tâm Tư Của Ta, Ngươi Đừng Đoán",term
杨柳儿,,Dương Liễu Nhi,name
杨春花,,Dương Xuân Hoa,name
赵伯东,,Triệu Bá Đông,name
赵江来,,Triệu Giang Lai,name
赵闵氏,,Triệu Mẫn Thị,name
吴双牛,,Ngô Song Ngưu,name
怡红院,,Di Hồng Viện,location
德春茶楼,,Đức Xuân Trà Lâu,location
凤翔大街,,phố Phượng Tường,location
灵官令,Spirit Official Token,Linh Quan Lệnh,term
因果线,Karma lines,Nhân quả tuyến,term
命运线,Fate lines,Mệnh vận tuyến,term
社死,Social death,xấu hổ chết,term
圣杯,Divination Blocks,Thánh Bôi,term
狐妖,Fox Demon,Hồ Yêu,name
西王母,Queen Mother of the West,Tây Vương Mẫu,name
展向真,,Triển Hướng Chân,name
万彬,,Vạn Bân,name
孟子沐,,Mạnh Tử Mộc,name
河图洛书,,Hà Đồ Lạc Thư,other
兽耳娘,Beast girl,Thú nhĩ nương,other
虎头琴,,Hổ Đầu Cầm,other
镇魔大元帅,,Trấn Ma Đại Nguyên Soái,term
荡魔大元帅,,Đảng Ma Đại Nguyên Soái,term
玄仙,,Huyền Tiên,term
天仙,,Thiên Tiên,term
魅惑天成,,Mị Hoặc Thiên Thành,term
风月幻象,,Phong Nguyệt Huyễn Tượng,term
窃国盗运,,Thiết Quốc Đạo Vận,term
替命,,Thế Mệnh,term
破妄之眼,,Phá Vọng Chi Nhãn,term
不如跳舞,Better to Dance,Chi Bằng Nhảy Múa Đi,term
中意他,I Like Him,Thích Anh Ấy,term
爱的奉献,Dedication of Love,Sự Dâng Hiến Của Tình Yêu,term
我对自己开了一枪,I Shot Myself,Ta Tự Bắn Mình Một Phát Súng,term
曾康,,Tằng Khang,name
木仙人,,Mộc Tiên Nhân,name
栾京城,,thành Loan Kinh,name
镇魔元帅,Demon-Suppressing Marshal,Trấn Ma Nguyên Soái,term
胡他,,Hồ Tha,other
九九天劫,,Cửu Cửu Thiên Kiếp,term
木使者,Messenger Mu,Mộc sứ giả,name
阎罗王,Yama,Diêm La Vương,name
胡灵,,Hồ Linh,name
金銮殿,Imperial Throne Room,Kim Loan Điện,location
紫霄雷劫,,Tử Tiêu Lôi Kiếp,term
圣人劫,,Thánh Nhân Kiếp,term
判官笔,Judge's Pen,Phán Quan Bút,term
天使翅膀,Angel Wings,Cánh thiên sứ,term
水骰子,Water Dice,Xúc Xắc Nước,term
飞升劫,Ascension Tribulation,Phi Thăng Kiếp,term
恶业回溯,Evil Karma Retrospection,Ác Nghiệp Hồi Tố,term
生命之道,Way of Life,Sinh Mệnh Chi Đạo,term
刘梦华,,Lưu Mộng Hoa,name
陈定坤,,Trần Định Khôn,name
柳昔时,,Liễu Tích Thời,name
武凤山,,Võ Phượng Sơn,name
至高无上赏善罚恶先天一炁雷法大天尊,,Chí Cao Vô Thượng Thưởng Thiện Phạt Ác Tiên Thiên Nhất Khí Lôi Pháp Đại Thiên Tôn,name
金沙门,,Kim Sa Môn,organization
功德观,,Công Đức Quan,organization
大帝庙,Emperor Temple,Đại Đế Miếu,location
接引之光,Light of Ascension,Tiếp dẫn chi quang,term
锦衣卫,Jinyiwei,Cẩm Y Vệ,organization
四天王,Four Heavenly Kings,Tứ Thiên Vương,organization
周易,Book of Changes,Chu Dịch,other
阴魂,Soul,Âm hồn,term
鬼差,Underworld messengers,Quỷ sai,term
渡劫,Tribulation transcendence,Độ kiếp,term
天劫,Heavenly tribulation,Thiên kiếp,term
飞升,Ascension,Phi thăng,term
天门,Heavenly Gate,Thiên môn,location
天仙境,Heavenly Immortal Realm,Thiên tiên cảnh,term
合奏团,Ensemble,Hợp tấu đoàn,organization
玄仙境,Mystic Immortal Realm,Huyền tiên cảnh,term
借种,Borrowing seed,Tá chủng,term
世上只有妈妈好,Only Mother is Good in the World,Thế Thượng Chỉ Hữu Ma Ma Hào,term
鲁冰花,Lu Bing Hua,Lỗ Băng Hoa,term
千里之外,Thousand Miles Away,Thiên Lý Chi Ngoại,term
因为我们是一家人,Because We Are Family,Nhân Vi Ngã Môn Thị Nhất Gia Nhân,term
三九天劫,,Tam Cửu Thiên Kiếp,term
弱水三千,,Nhược Thủy Tam Thiên,term
千澜引潮,,Thiên Lan Dẫn Triều,term
山河倒转,,Sơn Hà Đảo Chuyển,term
黑水噬魂,,Hắc Thủy Phệ Hồn,term
枪宝宝,,Súng Bảo Bảo,term
生命之气,,Sinh Mệnh Chi Khí,term
大道碎片,Great Dao Fragments,Đại Đạo Toái Phiến,term
记事本,Notebook,Ký Sự Bản,term
钢笔,Steel Pen,Bút Máy,other
木大帝,Mu Great Emperor,Mộc Đại Đế,name
紫霄神雷,Purple Heaven Divine Thunder,Tử Tiêu Thần Lôi,term
火眼金睛,Fiery Eyes Golden Pupils,Hỏa Nhãn Kim Tinh,term
莲花心经,Lotus Heart Sutra,Liên Hoa Tâm Kinh,term
无量心经,Infinite Heart Sutra,Vô Lượng Tâm Kinh,term
风月宝鉴,Precious Mirror of Romance,Phong Nguyệt Bảo Giám,term
冰霜巨龙,Frost Dragon,Băng Sương Cự Long,term
测谎,Lie detection,Máy phát hiện nói dối,term
欲望之镜,Mirror of Desire,Gương Dục Vọng,term
阿特拉斯魔镜,Atlas Magic Mirror,Gương Thần Atlas,item
真理之境,Mirror of Truth,Gương Sự Thật,item
赫尔墨斯双面镜,Hermes Two-sided Mirror,Gương hai mặt của Hermes,item
山河社稷图,Painting of Mountains and Rivers,Sơn Hà Xã Tắc Đồ,item
炼妖壶,Demon Refining Pot,Luyện Yêu Hồ,item
德拉莎,Delasha,Delasha,name
穆,Mu,Mục ,name
阿佛洛狄忒,Aphrodite,Aphrodite,name
赫菲斯托斯,Hephaestus,Hephaestus,name
安雅雪山,Anya Snow Mountain,Núi tuyết Anya,location
银冠城,Silvercrown City,Thành Vương Miện Bạc,location
莫洛帝国,Morrow Empire,Đế quốc Morrow,organization
至高神教,Supreme God Cult,Giáo Hội Thần Tối Cao,organization
战神教,God of War Cult,Giáo Hội Chiến Thần,organization
太阳神教,Sun God Cult,Giáo Hội Thần Mặt Trời,organization
海神教,Sea God Cult,Giáo Hội Thần Biển Cả,organization
死神教派,Death God Cult,Giáo Phái Tử Thần,organization
月神教,Moon Goddess Cult,Giáo Hội Thần Mặt Trăng,organization
商神教,God of Commerce Cult,Giáo Hội Thần Thương Nghiệp,organization
降临教派,Advent Cult,Giáo Phái Giáng Thế,organization
爱神教,God of Love Cult,Giáo Hội Thần Tình Yêu,organization
紫荆花军团,Bauhinia Legion,Quân Đoàn Bauhinia,organization
霍普,Hope,Hope,name
艾兰·莫洛,Alan Morrow,Alan Morrow,name
马库斯,Marcus,Marcus,name
奥古斯丁,Augustine,Augustine,name
古德,Good,Good,name
凛冬城,Winterfell,Thành Mùa Đông,location
龙牙城,Dragonfang City,Thành Long Nha,location
绝望山脉,Mountains of Despair,Dãy núi Tuyệt Vọng,location
鱼神缸,Fish God Vat,Vại Cá Thần,item
心愿之魔,Desire Demon,Quỷ Ước Nguyện,term
阿拉丁神灯,Aladdin Magic Lamp,Aladdin Magic Lamp,item
审判之镜,Mirror of Judgment,Gương Phán Xét,term
问心镜,Heart-Questioning Mirror,Gương Soi Tâm,term
艾兰,Alan,Alan,name
科恩,Cohen,Cohen,name
放逐之地,Land of Exile,Vùng Đất Trục Xuất,location
审判之神,God of Judgment,Thần Thẩm Phán,name
审判之光,Light of Judgment,Ánh Sáng Thẩm Phán,term
窃神者,God-Stealer,Kẻ Trộm Thần,term
神柄,Divine Authority,Thần Quyền,term
赛尔德,Seld,Seld,name
安东,Anton,Anton,name
艾莉薇,Alivie,Alivie,name
阿历克斯,Alex,Alex,name
雪莉,Shirley,Shirley,name
斯科特,Scott,Scott,name
赫尔墨斯,Hermes,Hermes,name
穆先生,Mr. Mu,Ngài Mục,name
白山城,White Mountain City,Thành Bạch Sơn,location
兽人平原,Orc Plains,Orc đồng bằng,location
商业神教,Commercial God Church,Giáo Hội Thần Thương Nghiệp,organization
水晶骰子,Crystal Dice,Xúc xắc Thủy Tinh,term
阿波罗,Apollo,Apollo,name
欲望天平,Scale of Desire,Cân Dục Vọng,term
虚空之足,Feet of the Void,Bước Chân Hư Không,term
虚空之手,Hand of the Void,Bàn Tay Hư Không,term
虚空之眼,Eye of the Void,Mắt Hư Không,term
虚空之躯,Body of the Void,Thân Thể Hư Không,term
加奥,Gao,Gao,name
安东尼·伊休特,Anthony Ishut,Anthony Ishut,name
罗伯特,Robert,Robert,name
凯西,Kathy,Kathy,name
卢瑟,Luther,Luther,name
阿尔忒弥斯,Artemis,Artemis,name
雅典娜,Athena,Athena,name
阿瑞斯,Ares,Ares,name
阿芙洛狄忒,Aphrodite,Aphrodite,name
曼恩·路易斯,Mann Lewis,Mann Lewis,name
雷吉,Reggie,Reggie,name
奥格,Auger,Auger,name
唐纳德,Donald,Donald,name
唐杰,Tang Jie,Đường Kiệt,name
太乙真仙,Taiyi True Immortal,Thái Ất Chân Tiên,term
许愿神灯,Wishing Lamp,Đèn Thần Ước Nguyện,term
死神教,Death God Cult,Tử Thần Giáo,organization
奥林匹斯,Olympus,Olympus,location
乌拉诺斯,Uranus,Uranus,name
克苏鲁,Cthulhu,Cthulhu,name
雷霆,Thunderbolt,Lôi Đình,term
美狄亚,Medea,Medea,name
欧罗巴,Europa,Europa,name
卡斯利托,Callisto,Callisto,name
拉达曼迪斯,Rhadamanthys,Rhadamanthys,name
倪克斯,Nyx,Nyx,name
塔尔塔罗斯,Tartarus,Tartarus,name
黄风城,Yellow Wind City,Hoàng Phong Thành,location
纸灯笼,Paper Lantern,Chỉ Đăng Lung,term
婚戒,Wedding Ring,Nhẫn Cưới,term
口罩,Mask,Khẩu Trang,term
蓝牙耳机,Bluetooth Earphones,Tai nghe Bluetooth,term
布偶,Puppet,Búp bê vải,term
神使,Divine Messenger,Thần Sứ,term
宙斯盾,Aegis,Aegis,term
鹰隼洞察,Falcon Insight,Nhãn Quang Chim Ưng,term
天罚之链,Chain of Heavenly Punishment,Xiềng Xích Trừng Phạt,term
天穹裁决,Sky Decree,Phán Quyết Thiên Không,term
速度之羽,Feather of Speed,Lông Vũ Tốc Độ,term
神王之握,Grasp of the God King,Bàn Tay Thần Vương,term
多喜,Doris,Doris,name
伊娥,Io,Io,name
达娜厄,Danae,Danae,name
心灵护盾,Soul Shield,Hộ Thuẫn Tâm Linh ,term
萨诺斯之剑,Sword of Thanos,Kiếm của Thanos,term
羽毛之靴,Winged Boots,Đôi Giày Có Cánh,term
西尼,Sini,Sini,name
生命神教,Life God Cult,Giáo Hội Sự Sống,organization
禁忌审判,Forbidden Judgment,Phán Quyết Cấm Kỵ,term
灵官印,Lingguan Seal,Linh Quan Ấn,term
神王之鞭,Whip of the God King,Roi Của Thần Vương,term
傀儡化身,Puppet Incarnation,Khôi Lỗi Hóa Thân,term
童心牢笼,Childlike Heart Cage,Lồng Giam Tâm Hồn Trẻ Thơ,term
庖丁解牛,Cook Ding Butchering an Ox,Bào Đinh Giải Ngưu,term
绷带封印,Bandage Seal,Xiềng Xích Băng Gạc,term
断念切割,Severance Cut,Đoạn Niệm Thiết Cát,term
盔甲特攻,Armor Special Attack,Phá Hủy Giáp Trụ,term
冥火引魂,Netherfire Soul Guiding,Minh Hỏa Dẫn Hồn,term
灯灭人亡,Lamp Out Life Ends,Đèn Tắt Mạng Vong,term
百鬼夜行,Night Parade of a Hundred Ghosts,Bách Quỷ Dạ Hành,term
波塞冬,Poseidon,Poseidon,name
德墨忒尔,Demeter,Demeter,name
赫斯提亚,Hestia,Hestia,name
曼恩,Mann,Mann,name
瑞根王国,Regan Kingdom,Vương quốc Regan,location
诸神日报,The Gods Daily,Nhật Báo Thần Linh,organization
缸中之脑,Brain in a Vat,Não trong hũ,term
永结同心,Eternal Union of Hearts,Vĩnh Kết Đồng Tâm,term
永恒牢笼,Eternal Cage,Ngục Tù Vĩnh Hằng,term
殉情,Martyrdom,Tuẫn Tình,term
人脸封印,Face Seal,Phong Ấn Gương Mặt,term
疫瘴隔绝,Miasma Isolation,Cách Ly Chướng Khí,term
毒菌蔓延,Fungal Spread,Bào Tử Độc Lan Tràn,term
卡米罗,Camilo,Camilo,name
阿芙洛狄特,Aphrodite,Aphrodite,name
奥林匹斯之耻,Shame of Olympus,Nỗi Nhục Nhã Của Olympus,term
禁术回溯,Forbidden Art Regression,Cấm Thuật Hồi Tố,term
诸神联军,Allied Army of the Gods,Liên Minh Các Vị Thần,organization
米卡罗,Mikalo,Mikalo,name
墨咒蚀魂,Ink Curse Soul Erosion,Mặc Chú Thực Hồn,term
因果之秤,Scales of Causality,Cán Cân Nhân Quả,term
意念移物,Telekinesis,Dịch Chuyển Vật Thể,term
欲望之神,God of Desire,Thần Dục Vọng,name
万能商人,Universal Merchant,Thương Nhân Vạn Năng,term
宝莲灯,Lotus Lantern,Bảo Liên Đăng,term
白石城,Whitestone City,Thành Bạch Thạch,location
日轮护体,Solar Wheel Body Protection,Vòng Quay Mặt Trời Bảo Hộ,term
光耀天罚,Luminous Heavenly Punishment,Ánh Sáng Trừng Phạt,term
战神分身,War God Clone,Phân thân của Chiến Thần,term
公平交易,Fair Trade,Giao Dịch Công Bằng,term
战神之惧,Fear of the War God,Nỗi Kinh Hoàng Của Chiến Thần,term
战神法相,War God Dharma Form,Thần Hình Chiến Thần,term
战神车驾,War God Chariot,Cỗ Xe Chiến Thần,term
金刚之躯,Diamond Body,Thân Thể Bất Hoại,term
战神之怒,Wrath of the War God,Cơn Thịnh Nộ Của Chiến Thần,term
克洛诺斯,Cronus,Cronus,name
克苏鲁邪神,Cthulhu Evil God,Tà thần Cthulhu,name
恐惧,Fear,Khủng Hoảng,name
黑夜,Night,Hắc Dạ,name
火焰,Flame,Hỏa Diễm,name
婚典结界,Wedding Barrier,Kết Giới Hôn Lễ,term
婚礼主持,Wedding Officiant,Chủ Trì Hôn Lễ ,term
婚礼领域,Wedding Domain,Hôn Lễ Lĩnh Vực,term
原罪之焰,Flame of Original Sin,Ngọn Lửa Tội Lỗi,term
妖怪联盟,Monster Alliance,Liên Minh Quái Vật,organization
